{
  "type": "fbm",
  "octaves": 1,
  "frequency": 1.7000000000000002,
  "amplitude": 0.43979400086720377,
  "seed": 56800
}