{
  "type": "worley",
  "octaves": 8,
  "frequency": 1.2333333333333334,
  "amplitude": 0.46901960800285136,
  "seed": 25923
}