{
  "type": "fbm",
  "octaves": 1,
  "frequency": 1.5142857142857142,
  "amplitude": 0.5557507201905658,
  "seed": 12082
}