{
  "type": "simplex",
  "octaves": 8,
  "frequency": 1.389655172413793,
  "amplitude": 0.9666088059646976,
  "seed": 5009
}