{
  "type": "fbm",
  "octaves": 4,
  "frequency": 1.302439024390244,
  "amplitude": 0.8010299956639813,
  "seed": 35791
}